date,adjusted_close,close,high,low,open,volume
2018-01-01 00:00:00+00:00,21.10533332824707,21.10533332824707,21.683332443237305,20.3786678314209,20.799999237060547,351168000
2018-01-08 00:00:00+00:00,22.4146671295166,22.4146671295166,22.987333297729492,21.03333282470703,21.066667556762695,491797500
2018-01-15 00:00:00+00:00,23.334667205810547,23.334667205810547,23.48666763305664,22.31999969482422,22.502666473388672,362278500
2018-01-22 00:00:00+00:00,22.856666564941406,22.856666564941406,24.03333282470703,22.380666732788086,23.293333053588867,423645000
2018-01-29 00:00:00+00:00,22.916667938232422,22.916667938232422,23.977333068847656,22.552000045776367,22.656667709350586,353721000
2018-02-05 00:00:00+00:00,20.69466781616211,20.69466781616211,23.2413330078125,19.650667190551758,22.531333923339844,596550000
2018-02-12 00:00:00+00:00,22.365999221801758,22.365999221801758,22.874666213989258,20.416667938232422,21.075332641601562,394413000
2018-02-19 00:00:00+00:00,23.469999313354492,23.469999313354492,23.666000366210938,22.100000381469727,22.29800033569336,300243000
2018-02-26 00:00:00+00:00,22.341333389282227,22.341333389282227,23.999332427978516,21.531333923339844,23.566667556762695,407782500
2018-03-05 00:00:00+00:00,21.81133270263672,21.81133270263672,22.516666412353516,21.44933319091797,22.159332275390625,332847000
2018-03-12 00:00:00+00:00,21.42333221435547,21.42333221435547,23.1473331451416,21.271333694458008,21.907333374023438,523189500
2018-03-19 00:00:00+00:00,20.1026668548584,20.1026668548584,21.496000289916992,20.030000686645508,21.100000381469727,447025500
2018-03-26 00:00:00+00:00,17.742000579833984,17.742000579833984,20.506000518798828,16.547332763671875,20.48933219909668,876289500
2018-04-02 00:00:00+00:00,19.953332901000977,19.953332901000977,20.618667602539062,16.305999755859375,17.083999633789062,1312447500
2018-04-09 00:00:00+00:00,20.022666931152344,20.022666931152344,20.633333206176758,19.28066635131836,20.024667739868164,654877500
2018-04-16 00:00:00+00:00,19.349332809448242,19.349332809448242,20.067333221435547,18.833999633789062,19.933332443237305,474220500
2018-04-23 00:00:00+00:00,19.60533332824707,19.60533332824707,19.631332397460938,18.433332443237305,19.41933250427246,349693500
2018-04-30 00:00:00+00:00,19.606000900268555,19.606000900268555,20.456666946411133,18.34866714477539,19.573999404907227,656185500
2018-05-07 00:00:00+00:00,20.070667266845703,20.070667266845703,20.865999221801758,19.67799949645996,19.833332061767578,460002000
2018-05-14 00:00:00+00:00,18.454666137695312,18.454666137695312,20.32933235168457,18.266666412353516,20.221332550048828,512287500
2018-05-21 00:00:00+00:00,18.59000015258789,18.59000015258789,19.432666778564453,18.22800064086914,18.755332946777344,482479500
2018-05-28 00:00:00+00:00,19.454666137695312,19.454666137695312,19.667333602905273,18.40999984741211,18.567333221435547,367506000
2018-06-04 00:00:00+00:00,21.17733383178711,21.17733383178711,22.0,19.115999221801758,19.62266731262207,781662000
2018-06-11 00:00:00+00:00,23.878000259399414,23.878000259399414,24.31133270263672,21.5,21.500667572021484,1002450000
2018-06-18 00:00:00+00:00,22.242000579833984,22.242000579833984,24.915332794189453,22.133333206176758,23.69333267211914,771780000
2018-06-25 00:00:00+00:00,22.863332748413086,22.863332748413086,23.801332473754883,21.719999313354492,22.007999420166016,564118500
2018-07-02 00:00:00+00:00,20.593332290649414,20.593332290649414,24.318666458129883,19.74799919128418,24.004667282104492,860764500
2018-07-09 00:00:00+00:00,21.257999420166016,21.257999420166016,21.845333099365234,20.53333282470703,20.799333572387695,503151000
2018-07-16 00:00:00+00:00,20.905332565307617,20.905332565307617,21.700000762939453,20.416667938232422,20.78066635131836,472749000
2018-07-23 00:00:00+00:00,19.812000274658203,19.812000274658203,20.713333129882812,19.503332138061523,20.12266731262207,569893500
2018-07-30 00:00:00+00:00,23.211332321166992,23.211332321166992,23.666667938232422,19.075332641601562,19.726667404174805,883378500
2018-08-06 00:00:00+00:00,23.69933319091797,23.69933319091797,25.83066749572754,22.610000610351562,23.03066635131836,1391206500
2018-08-13 00:00:00+00:00,20.366666793823242,20.366666793823242,24.21266746520996,20.235332489013672,24.075332641601562,773613000
2018-08-20 00:00:00+00:00,21.521333694458008,21.521333694458008,21.821332931518555,19.213333129882812,19.446666717529297,679056000
2018-08-27 00:00:00+00:00,20.110666275024414,20.110666275024414,21.496000289916992,19.847999572753906,21.200000762939453,611514000
2018-09-03 00:00:00+00:00,17.549333572387695,17.549333572387695,19.87933349609375,16.816667556762695,19.79599952697754,690660000
2018-09-10 00:00:00+00:00,19.68000030517578,19.68000030517578,19.82200050354004,18.066667556762695,18.21733283996582,698622000
2018-09-17 00:00:00+00:00,19.940000534057617,19.940000534057617,20.398666381835938,18.366666793823242,19.336000442504883,661948500
2018-09-24 00:00:00+00:00,17.65133285522461,17.65133285522461,20.997333526611328,17.37066650390625,19.898666381835938,889900500
2018-10-01 00:00:00+00:00,17.463333129882812,17.463333129882812,21.12266731262207,17.333332061767578,20.384666442871094,1039122000
2018-10-08 00:00:00+00:00,17.25200080871582,17.25200080871582,17.85066795349121,16.51799964904785,17.634666442871094,805765500
2018-10-15 00:00:00+00:00,17.333332061767578,17.333332061767578,18.84666633605957,16.899999618530273,17.270666122436523,587679000
2018-10-22 00:00:00+00:00,22.059999465942383,22.059999465942383,22.65999984741211,16.839332580566406,17.3786678314209,1394289000
2018-10-29 00:00:00+00:00,23.0939998626709,23.0939998626709,23.280000686645508,21.483999252319336,22.49799919128418,705676500
2018-11-05 00:00:00+00:00,23.367332458496094,23.367332458496094,23.838666915893555,22.00933265686035,22.700000762939453,512368500
2018-11-12 00:00:00+00:00,23.62066650390625,23.62066650390625,23.713333129882812,22.022666931152344,23.224666595458984,438934500
2018-11-19 00:00:00+00:00,21.722000122070312,21.722000122070312,24.450000762939453,21.703332901000977,23.756000518798828,399045000
2018-11-26 00:00:00+00:00,23.365333557128906,23.365333557128906,23.440000534057617,21.666667938232422,21.666667938232422,407817000
2018-12-03 00:00:00+00:00,23.864667892456055,23.864667892456055,25.299333572387695,23.384000778198242,24.0,541831500
2018-12-10 00:00:00+00:00,24.380666732788086,24.380666732788086,25.191333770751953,23.541332244873047,24.0,474792000
2018-12-17 00:00:00+00:00,21.31800079345703,21.31800079345703,24.3799991607666,20.791332244873047,24.133333206176758,602053500
2018-12-24 00:00:00+00:00,22.257999420166016,22.257999420166016,22.416000366210938,19.606000900268555,20.899999618530273,483556500
2018-12-31 00:00:00+00:00,21.179332733154297,21.179332733154297,22.61400032043457,19.825332641601562,22.519332885742188,484803000
2019-01-07 00:00:00+00:00,23.150667190551758,23.150667190551758,23.227333068847656,21.183332443237305,21.447999954223633,466321500
2019-01-14 00:00:00+00:00,20.150667190551758,20.150667190551758,23.46666717529297,19.98200035095215,22.825332641601562,657346500
2019-01-21 00:00:00+00:00,19.80266761779785,19.80266761779785,20.53333282470703,18.618667602539062,20.321332931518555,597877500
2019-01-28 00:00:00+00:00,20.81399917602539,20.81399917602539,21.073333740234375,19.183332443237305,19.527332305908203,632218500
2019-02-04 00:00:00+00:00,20.386667251586914,20.386667251586914,21.615999221801758,19.899999618530273,20.865333557128906,472473000
2019-02-11 00:00:00+00:00,20.525333404541016,20.525333404541016,21.239999771118164,20.066667556762695,20.773332595825195,403419000
2019-02-18 00:00:00+00:00,19.6473331451416,19.6473331451416,20.769332885742188,19.366666793823242,20.437332153320312,389404500
2019-02-25 00:00:00+00:00,19.652666091918945,19.652666091918945,21.333332061767578,19.251333236694336,19.860666275024414,897375000
2019-03-04 00:00:00+00:00,18.94266700744629,18.94266700744629,19.933332443237305,18.00666618347168,19.874666213989258,966886500
2019-03-11 00:00:00+00:00,18.36199951171875,18.36199951171875,19.69266700744629,18.293333053588867,18.90133285522461,654450000
2019-03-18 00:00:00+00:00,17.635332107543945,17.635332107543945,18.536666870117188,17.56399917602539,18.399999618530273,655237500
2019-03-25 00:00:00+00:00,18.657333374023438,18.657333374023438,18.68866729736328,16.964000701904297,17.31399917602539,586657500
2019-04-01 00:00:00+00:00,18.33066749572754,18.33066749572754,19.744667053222656,17.37266731262207,18.841333389282227,874015500
2019-04-08 00:00:00+00:00,17.84666633605957,17.84666633605957,18.743999481201172,17.706666946411133,18.512666702270508,599364000
2019-04-15 00:00:00+00:00,18.21733283996582,18.21733283996582,18.333332061767578,17.242000579833984,17.908666610717773,424714500
2019-04-22 00:00:00+00:00,15.675999641418457,15.675999641418457,17.978666305541992,15.408666610717773,17.933332443237305,1170429000
2019-04-29 00:00:00+00:00,17.00200080871582,17.00200080871582,17.107332229614258,15.433333396911621,15.723999977111816,1181244000
2019-05-06 00:00:00+00:00,15.968000411987305,15.968000411987305,17.22333335876465,15.73466682434082,16.667999267578125,612921000
2019-05-13 00:00:00+00:00,14.0686674118042,14.0686674118042,15.633333206176758,13.928000450134277,15.46733283996582,759798000
2019-05-20 00:00:00+00:00,12.708666801452637,12.708666801452637,13.826666831970215,12.414667129516602,13.520000457763672,1468485000
2019-05-27 00:00:00+00:00,12.343999862670898,12.343999862670898,13.0,12.273332595825195,12.74666690826416,609220500
2019-06-03 00:00:00+00:00,13.633333206176758,13.633333206176758,14.066666603088379,11.799332618713379,12.36733341217041,1149426000
2019-06-10 00:00:00+00:00,14.32800006866455,14.32800006866455,14.892000198364258,13.833999633789062,14.016667366027832,795565500
2019-06-17 00:00:00+00:00,14.790666580200195,14.790666580200195,15.649333000183105,14.284667015075684,14.36533260345459,775099500
2019-06-24 00:00:00+00:00,14.897333145141602,14.897333145141602,15.148667335510254,14.489999771118164,14.88266658782959,504468000
2019-07-01 00:00:00+00:00,15.539999961853027,15.539999961853027,16.10466766357422,14.814666748046875,15.347332954406738,581088000
2019-07-08 00:00:00+00:00,16.338666915893555,16.338666915893555,16.358667373657227,15.152000427246094,15.416000366210938,568978500
2019-07-15 00:00:00+00:00,17.211999893188477,17.211999893188477,17.33066749572754,16.323999404907227,16.53333282470703,610812000
2019-07-22 00:00:00+00:00,15.202667236328125,15.202667236328125,17.738000869750977,14.816666603088379,17.25,830764500
2019-07-29 00:00:00+00:00,15.62266731262207,15.62266731262207,16.44533348083496,15.0686674118042,15.13933277130127,614347500
2019-08-05 00:00:00+00:00,15.667332649230957,15.667332649230957,15.986666679382324,15.050000190734863,15.30666732788086,398122500
2019-08-12 00:00:00+00:00,14.662667274475098,14.662667274475098,15.733332633972168,14.103333473205566,15.53266716003418,484990500
2019-08-19 00:00:00+00:00,14.09333324432373,14.09333324432373,15.272666931152344,14.066666603088379,14.947333335876465,484900500
2019-08-26 00:00:00+00:00,15.040666580200195,15.040666580200195,15.496000289916992,14.102666854858398,14.239999771118164,422905500
2019-09-02 00:00:00+00:00,15.16333293914795,15.16333293914795,15.319999694824219,14.61400032043457,14.938667297363281,340497000
2019-09-09 00:00:00+00:00,16.34666633605957,16.34666633605957,16.899999618530273,15.262666702270508,15.333333015441895,504352500
2019-09-16 00:00:00+00:00,16.041332244873047,16.041332244873047,16.544666290283203,15.87733268737793,16.399999618530273,358687500
2019-09-23 00:00:00+00:00,16.142000198364258,16.142000198364258,16.58066749572754,14.557332992553711,16.0,744895500
2019-09-30 00:00:00+00:00,15.428667068481445,15.428667068481445,16.39666748046875,14.95199966430664,16.200000762939453,611299500
2019-10-07 00:00:00+00:00,16.525999069213867,16.525999069213867,16.738666534423828,15.236666679382324,15.319999694824219,575932500
2019-10-14 00:00:00+00:00,17.1299991607666,17.1299991607666,17.652000427246094,16.475332260131836,16.52666664123535,507615000
2019-10-21 00:00:00+00:00,21.875333786010742,21.875333786010742,22.0,16.678667068481445,17.222000122070312,1119138000
2019-10-28 00:00:00+00:00,20.887332916259766,20.887332916259766,22.722667694091797,20.65333366394043,21.836000442504883,789709500
2019-11-04 00:00:00+00:00,22.47599983215332,22.47599983215332,22.766666412353516,20.617332458496094,20.98666763305664,663117000
2019-11-11 00:00:00+00:00,23.47800064086914,23.47800064086914,23.755332946777344,22.799999237060547,22.93000030517578,555601500
2019-11-18 00:00:00+00:00,22.202667236328125,22.202667236328125,24.079999923706055,22.0,23.527999877929688,627463500
2019-11-25 00:00:00+00:00,21.996000289916992,21.996000289916992,22.971332550048828,21.80666732788086,22.954666137695312,424621500
2019-12-02 00:00:00+00:00,22.392667770385742,22.392667770385742,22.590667724609375,21.816667556762695,21.959999084472656,442773000
2019-12-09 00:00:00+00:00,23.892667770385742,23.892667770385742,24.347333908081055,22.338666915893555,22.439332962036133,586260000
2019-12-16 00:00:00+00:00,27.03933334350586,27.03933334350586,27.53333282470703,24.166667938232422,24.170000076293945,1104777000
2019-12-23 00:00:00+00:00,28.691999435424805,28.691999435424805,29.020666122436523,27.333332061767578,27.45199966430664,629308500
2019-12-30 00:00:00+00:00,29.534000396728516,29.534000396728516,30.266666412353516,26.80533218383789,28.586000442504883,752740500
2020-01-06 00:00:00+00:00,31.876667022705078,31.876667022705078,33.253334045410156,29.333332061767578,29.364667892456055,1508389500
2020-01-13 00:00:00+00:00,34.03333282470703,34.03333282470703,36.49399948120117,32.79999923706055,32.900001525878906,1623726000
2020-01-20 00:00:00+00:00,37.654666900634766,37.654666900634766,39.633331298828125,35.227333068847656,35.349998474121094,1247656500
2020-01-27 00:00:00+00:00,43.371334075927734,43.371334075927734,43.53333282470703,35.95199966430664,36.132667541503906,1318846500
2020-02-03 00:00:00+00:00,49.871334075927734,49.871334075927734,64.59933471679688,44.90133285522461,44.91266632080078,3200578500
2020-02-10 00:00:00+00:00,53.33533477783203,53.33533477783203,54.66600036621094,49.0,53.33333206176758,1355883000
2020-02-17 00:00:00+00:00,60.06666564941406,60.06666564941406,62.98533248901367,55.490665435791016,56.106666564941406,1106316000
2020-02-24 00:00:00+00:00,44.53266525268555,44.53266525268555,57.56666564941406,40.768001556396484,55.93333435058594,1426024500
2020-03-02 00:00:00+00:00,46.89866638183594,46.89866638183594,53.798667907714844,45.61800003051758,47.41733169555664,1268154000
2020-03-09 00:00:00+00:00,36.44133377075195,36.44133377075195,44.53333282470703,33.46666717529297,40.35933303833008,1313100000
2020-03-16 00:00:00+00:00,28.50200080871582,28.50200080871582,32.9913330078125,23.367332458496094,31.299999237060547,1901269500
2020-03-23 00:00:00+00:00,34.29066848754883,34.29066848754883,37.33333206176758,27.366666793823242,28.906667709350586,1384957500
2020-03-30 00:00:00+00:00,32.000667572021484,32.000667572021484,36.19733428955078,29.760000228881836,34.017333984375,1283149500
2020-04-06 00:00:00+00:00,38.20000076293945,38.20000076293945,38.345333099365234,33.19733428955078,34.08000183105469,886914000
2020-04-13 00:00:00+00:00,50.259334564208984,50.259334564208984,51.663333892822266,38.70199966430664,39.34400177001953,1656225000
2020-04-20 00:00:00+00:00,48.34333419799805,48.34333419799805,51.03799819946289,44.919334411621094,48.8466682434082,1133548500
2020-04-27 00:00:00+00:00,46.75466537475586,46.75466537475586,57.987998962402344,45.5359992980957,49.17399978637695,1696846500
2020-05-04 00:00:00+00:00,54.62799835205078,54.62799835205078,54.93333435058594,46.53333282470703,46.733333587646484,1124493000
2020-05-11 00:00:00+00:00,53.27799987792969,53.27799987792969,56.21933364868164,50.88666534423828,52.70066833496094,1135389000
2020-05-18 00:00:00+00:00,54.45866775512695,54.45866775512695,55.64799880981445,53.06666564941406,55.185333251953125,762805500
2020-05-25 00:00:00+00:00,55.66666793823242,55.66666793823242,55.66666793823242,52.33333206176758,55.633331298828125,579889500
2020-06-01 00:00:00+00:00,59.04399871826172,59.04399871826172,60.57733154296875,56.939998626708984,57.20000076293945,797313000
2020-06-08 00:00:00+00:00,62.35200119018555,62.35200119018555,68.49866485595703,60.61066818237305,61.266666412353516,1152093000
2020-06-15 00:00:00+00:00,66.72666931152344,66.72666931152344,67.94667053222656,60.56666564941406,61.18600082397461,871060500
2020-06-22 00:00:00+00:00,63.982666015625,63.982666015625,67.46666717529297,62.47666549682617,66.663330078125,626950500
2020-06-29 00:00:00+00:00,80.57733154296875,80.57733154296875,81.86666870117188,63.23466873168945,64.60066986083984,847828500
2020-07-06 00:00:00+00:00,102.97666931152344,102.97666931152344,103.2613296508789,84.40266418457031,85.11266326904297,1401391500
2020-07-13 00:00:00+00:00,100.05599975585938,100.05599975585938,119.66600036621094,95.4000015258789,110.5999984741211,1536031500
2020-07-20 00:00:00+00:00,94.46666717529297,94.46666717529297,112.5999984741211,91.10266876220703,101.267333984375,1366722000
2020-07-27 00:00:00+00:00,95.38400268554688,95.38400268554688,104.3133316040039,94.19999694824219,95.66666412353516,916702500
2020-08-03 00:00:00+00:00,96.84733581542969,96.84733581542969,101.82733154296875,94.33399963378906,96.61333465576172,555912000
2020-08-10 00:00:00+00:00,110.04733276367188,110.04733276367188,111.25333404541016,91.0,96.53333282470703,1064706000
2020-08-17 00:00:00+00:00,136.6653289794922,136.6653289794922,139.69932556152344,111.52200317382812,111.80000305175781,1365352500
2020-08-24 00:00:00+00:00,147.55999755859375,147.55999755859375,154.5659942626953,128.50132751464844,141.7519989013672,1331041500
2020-08-31 00:00:00+00:00,139.44000244140625,139.44000244140625,167.49667358398438,124.00666809082031,148.20333862304688,1506928800
2020-09-07 00:00:00+00:00,124.23999786376953,124.23999786376953,132.99667358398438,109.95999908447266,118.66666412353516,1021738800
2020-09-14 00:00:00+00:00,147.38333129882812,147.38333129882812,153.97999572753906,124.43333435058594,126.98332977294922,1247352300
2020-09-21 00:00:00+00:00,135.77999877929688,135.77999877929688,151.89332580566406,117.0999984741211,151.0433349609375,1343704200
2020-09-28 00:00:00+00:00,138.3633270263672,138.3633270263672,149.6266632080078,137.1999969482422,141.5399932861328,810768000
2020-10-05 00:00:00+00:00,144.6666717529297,144.6666717529297,146.3333282470703,135.35000610351562,141.11666870117188,619030800
2020-10-12 00:00:00+00:00,146.55667114257812,146.55667114257812,155.3000030517578,145.53334045410156,147.3333282470703,568748400
2020-10-19 00:00:00+00:00,140.2100067138672,140.2100067138672,149.0,135.7933349609375,148.74667358398438,522074400
2020-10-26 00:00:00+00:00,129.34666442871094,129.34666442871094,143.5,126.37000274658203,137.2100067138672,424631100
2020-11-02 00:00:00+00:00,143.31666564941406,143.31666564941406,146.6666717529297,130.76666259765625,131.3333282470703,436909200
2020-11-09 00:00:00+00:00,136.1666717529297,136.1666717529297,150.8333282470703,132.00999450683594,146.5,366303300
2020-11-16 00:00:00+00:00,163.20333862304688,163.20333862304688,169.5366668701172,134.69667053222656,136.30999755859375,784374300
2020-11-23 00:00:00+00:00,195.25332641601562,195.25332641601562,199.5933380126953,167.26333618164062,167.8333282470703,571200300
2020-11-30 00:00:00+00:00,199.67999267578125,199.67999267578125,202.60000610351562,180.40333557128906,200.73666381835938,668506800
2020-12-07 00:00:00+00:00,203.3300018310547,203.3300018310547,218.10667419433594,188.77999877929688,201.63999938964844,916272300
2020-12-14 00:00:00+00:00,231.6666717529297,231.6666717529297,231.6666717529297,201.6666717529297,206.3333282470703,1252812600
2020-12-21 00:00:00+00:00,220.58999633789062,220.58999633789062,222.8333282470703,204.7433319091797,222.0800018310547,497399700
2020-12-28 00:00:00+00:00,235.22332763671875,235.22332763671875,239.57333374023438,218.3333282470703,224.836669921875,443055900
2021-01-04 00:00:00+00:00,293.3399963378906,293.3399963378906,294.8299865722656,239.06333923339844,239.82000732421875,756413400
2021-01-11 00:00:00+00:00,275.38665771484375,275.38665771484375,289.3333435058594,267.8733215332031,283.1333312988281,626786100
2021-01-18 00:00:00+00:00,282.21331787109375,282.21331787109375,286.5,276.2066650390625,279.26666259765625,274861500
2021-01-25 00:00:00+00:00,264.510009765625,264.510009765625,300.1333312988281,260.0333251953125,285.0,459023400
2021-02-01 00:00:00+00:00,284.07666015625,284.07666015625,293.5,265.1866760253906,271.42999267578125,307381200
2021-02-08 00:00:00+00:00,272.0400085449219,272.0400085449219,292.5899963378906,261.77667236328125,289.8900146484375,350779800
2021-02-15 00:00:00+00:00,260.4333190917969,260.4333190917969,273.6666564941406,254.00332641601562,272.6666564941406,248142600
2021-02-22 00:00:00+00:00,225.1666717529297,225.1666717529297,256.1666564941406,206.3333282470703,254.2133331298828,662270100
2021-03-01 00:00:00+00:00,199.31666564941406,199.31666564941406,240.3699951171875,179.8300018310547,230.0366668701172,709177200
2021-03-08 00:00:00+00:00,231.2433319091797,231.2433319091797,239.28334045410156,186.26333618164062,200.18333435058594,749261100
2021-03-15 00:00:00+00:00,218.2899932861328,218.2899932861328,237.72666931152344,208.2066650390625,231.3633270263672,534067800
2021-03-22 00:00:00+00:00,206.23666381835938,206.23666381835938,233.2066650390625,199.9633331298828,228.19667053222656,530631000
2021-03-29 00:00:00+00:00,220.5833282470703,220.5833282470703,230.80667114257812,197.00332641601562,205.2133331298828,410115300
2021-04-05 00:00:00+00:00,225.67333984375,225.67333984375,236.05332946777344,222.6133270263672,235.90333557128906,425356200
2021-04-12 00:00:00+00:00,246.5933380126953,246.5933380126953,260.2633361816406,227.3633270263672,228.56666564941406,535902900
2021-04-19 00:00:00+00:00,243.13333129882812,243.13333129882812,251.2566680908203,230.60000610351562,239.86666870117188,511413000
2021-04-26 00:00:00+00:00,236.47999572753906,236.47999572753906,249.76666259765625,222.04666137695312,247.0,457051800
2021-05-03 00:00:00+00:00,224.1233367919922,224.1233367919922,235.3333282470703,216.6666717529297,234.60000610351562,389814300
2021-05-10 00:00:00+00:00,196.5800018310547,196.5800018310547,221.68333435058594,186.5500030517578,221.63333129882812,567827100
2021-05-17 00:00:00+00:00,193.6266632080078,193.6266632080078,198.89332580566406,182.32666015625,191.85000610351562,496953300
2021-05-24 00:00:00+00:00,208.4066619873047,208.4066619873047,211.8633270263672,191.21665954589844,193.86666870117188,420932700
2021-05-31 00:00:00+00:00,199.68333435058594,199.68333435058594,211.26666259765625,190.4066619873047,209.26666259765625,286609500
2021-06-07 00:00:00+00:00,203.29666137695312,203.29666137695312,207.69667053222656,194.2933349609375,197.27667236328125,315919800
2021-06-14 00:00:00+00:00,207.77000427246094,207.77000427246094,209.4499969482422,197.8333282470703,204.07666015625,322783500
2021-06-21 00:00:00+00:00,223.9566650390625,223.9566650390625,232.5399932861328,202.9600067138672,208.16000366210938,460649700
2021-06-28 00:00:00+00:00,226.3000030517578,226.3000030517578,233.3333282470703,223.44000244140625,223.8800048828125,310870200
2021-07-05 00:00:00+00:00,218.98333740234375,218.98333740234375,228.0,206.82000732421875,227.23666381835938,248970900
2021-07-12 00:00:00+00:00,214.74000549316406,214.74000549316406,231.0933380126953,212.6266632080078,220.73333740234375,315344700
2021-07-19 00:00:00+00:00,214.4600067138672,214.4600067138672,221.6199951171875,207.09666442871094,209.9633331298828,241344300
2021-07-26 00:00:00+00:00,229.06666564941406,229.06666564941406,232.50999450683594,209.0800018310547,216.99000549316406,402622500
2021-08-02 00:00:00+00:00,233.03334045410156,233.03334045410156,242.31333923339844,232.5433349609375,233.3333282470703,302343900
2021-08-09 00:00:00+00:00,239.05667114257812,239.05667114257812,243.3000030517578,233.13333129882812,236.72332763671875,216416400
2021-08-16 00:00:00+00:00,226.75332641601562,226.75332641601562,236.5,216.27999877929688,235.02333068847656,287710500
2021-08-23 00:00:00+00:00,237.30667114257812,237.30667114257812,238.99000549316406,226.9166717529297,228.47999572753906,219125100
2021-08-30 00:00:00+00:00,244.52333068847656,244.52333068847656,247.3300018310547,237.57666015625,238.24000549316406,242061900
2021-09-06 00:00:00+00:00,245.42333984375,245.42333984375,254.81666564941406,244.83999633789062,246.6666717529297,204284100
2021-09-13 00:00:00+00:00,253.163330078125,253.163330078125,253.67999267578125,236.28334045410156,246.73666381835938,296888100
2021-09-20 00:00:00+00:00,258.1300048828125,258.1300048828125,258.26666259765625,239.5399932861328,244.85333251953125,268605600
2021-09-27 00:00:00+00:00,258.40667724609375,258.40667724609375,266.3333435058594,254.52999877929688,257.7066650390625,328147200
2021-10-04 00:00:00+00:00,261.8299865722656,261.8299865722656,268.989990234375,257.739990234375,265.5,298449300
2021-10-11 00:00:00+00:00,281.010009765625,281.010009765625,281.07000732421875,261.8333435058594,262.54998779296875,244536600
2021-10-18 00:00:00+00:00,303.2266540527344,303.2266540527344,303.3333435058594,283.8233337402344,283.92999267578125,329948100
2021-10-25 00:00:00+00:00,371.3333435058594,371.3333435058594,371.7366638183594,314.73333740234375,316.84332275390625,662775600
2021-11-01 00:00:00+00:00,407.36334228515625,407.36334228515625,414.4966735839844,372.88665771484375,381.6666564941406,541323600
2021-11-08 00:00:00+00:00,344.47332763671875,344.47332763671875,399.0,329.10333251953125,383.2633361816406,549971700
2021-11-15 00:00:00+00:00,379.0199890136719,379.0199890136719,379.5733337402344,326.20001220703125,339.2099914550781,405913800
2021-11-22 00:00:00+00:00,360.6400146484375,360.6400146484375,400.6499938964844,354.0,387.4433288574219,310455900
2021-11-29 00:00:00+00:00,338.3233337402344,338.3233337402344,390.9466552734375,333.4033203125,366.9966735839844,373556700
2021-12-06 00:00:00+00:00,339.010009765625,339.010009765625,357.4599914550781,316.8333435058594,333.836669921875,298756800
2021-12-13 00:00:00+00:00,310.8566589355469,310.8566589355469,335.0,303.0133361816406,333.6966552734375,407779800
2021-12-20 00:00:00+00:00,355.6666564941406,355.6666564941406,357.6600036621094,295.3733215332031,303.5666809082031,314345400
2021-12-27 00:00:00+00:00,352.260009765625,352.260009765625,373.0,351.04998779296875,357.8900146484375,275398500
2022-01-03 00:00:00+00:00,342.32000732421875,342.32000732421875,402.6666564941406,336.6666564941406,382.5833435058594,458800800
2022-01-10 00:00:00+00:00,349.8699951171875,349.8699951171875,371.8666687011719,326.6666564941406,333.3333435058594,411751500
2022-01-17 00:00:00+00:00,314.6333312988281,314.6333312988281,356.92999267578125,313.5,342.2033386230469,316090500
2022-01-24 00:00:00+00:00,282.1166687011719,282.1166687011719,329.2300109863281,264.0033264160156,301.586669921875,624927600
2022-01-31 00:00:00+00:00,307.7733459472656,307.7733459472656,314.5666809082031,287.3500061035156,290.9033203125,396848100
2022-02-07 00:00:00+00:00,286.6666564941406,286.6666564941406,315.92333984375,283.5666809082031,307.92999267578125,309755700
2022-02-14 00:00:00+00:00,285.6600036621094,285.6600036621094,308.80999755859375,279.2033386230469,287.19000244140625,300017100
2022-02-21 00:00:00+00:00,269.9566650390625,269.9566650390625,285.57666015625,233.3333282470703,278.0433349609375,389934900
2022-02-28 00:00:00+00:00,279.42999267578125,279.42999267578125,296.6266784667969,271.57000732421875,271.6700134277344,377040300
2022-03-07 00:00:00+00:00,265.1166687011719,265.1166687011719,288.71331787109375,260.72332763671875,285.4333190917969,337762800
2022-03-14 00:00:00+00:00,301.7966613769531,301.7966613769531,302.6166687011719,252.01333618164062,260.2033386230469,389019300
2022-03-21 00:00:00+00:00,336.8800048828125,336.8800048828125,346.8999938964844,302.36334228515625,304.99334716796875,439478700
2022-03-28 00:00:00+00:00,361.5299987792969,361.5299987792969,371.5899963378906,351.20001220703125,355.0333251953125,339241800
2022-04-04 00:00:00+00:00,341.8299865722656,341.8299865722656,384.2900085449219,340.5133361816406,363.1266784667969,385920300
2022-04-11 00:00:00+00:00,328.3333435058594,328.3333435058594,342.0799865722656,324.3666687011719,326.79998779296875,238876500
2022-04-18 00:00:00+00:00,335.01666259765625,335.01666259765625,364.0733337402344,324.4700012207031,329.6766662597656,347387100
2022-04-25 00:00:00+00:00,290.2533264160156,290.2533264160156,336.2066650390625,273.8999938964844,326.3233337402344,494512800
2022-05-02 00:00:00+00:00,288.54998779296875,288.54998779296875,318.5,281.03668212890625,286.92333984375,386556900
2022-05-09 00:00:00+00:00,256.5299987792969,256.5299987792969,281.8766784667969,226.6666717529297,278.8166809082031,504900300
2022-05-16 00:00:00+00:00,221.3000030517578,221.3000030517578,256.586669921875,211.0,255.72000122070312,489416400
2022-05-23 00:00:00+00:00,253.2100067138672,253.2100067138672,253.26666259765625,206.85667419433594,218.33999633789062,465433500
2022-05-30 00:00:00+00:00,234.51666259765625,234.51666259765625,264.2099914550781,233.4166717529297,257.9466552734375,385029300
2022-06-06 00:00:00+00:00,232.22999572753906,232.22999572753906,255.54666137695312,227.913330078125,244.35333251953125,427251600
2022-06-13 00:00:00+00:00,216.75999450683594,216.75999450683594,235.663330078125,208.69332885742188,223.1666717529297,519920400
2022-06-20 00:00:00+00:00,245.7066650390625,245.7066650390625,246.8333282470703,224.3333282470703,224.60333251953125,423873900
2022-06-27 00:00:00+00:00,227.26333618164062,227.26333618164062,252.07000732421875,218.8633270263672,249.36666870117188,431527500
2022-07-04 00:00:00+00:00,250.76333618164062,250.76333618164062,254.97999572753906,216.1666717529297,223.0,340219500
2022-07-11 00:00:00+00:00,240.06666564941406,240.06666564941406,253.06333923339844,225.03334045410156,252.10333251953125,433367100
2022-07-18 00:00:00+00:00,272.24334716796875,272.24334716796875,280.78668212890625,236.97666931152344,244.93666076660156,497796900
2022-07-25 00:00:00+00:00,297.1499938964844,297.1499938964844,298.32000732421875,256.2633361816406,272.2166748046875,399040200
2022-08-01 00:00:00+00:00,288.1700134277344,288.1700134277344,313.6066589355469,285.5433349609375,301.27667236328125,478140600
2022-08-08 00:00:00+00:00,300.0299987792969,300.0299987792969,305.20001220703125,279.35333251953125,295.0,429969600
2022-08-15 00:00:00+00:00,296.6666564941406,296.6666564941406,314.6666564941406,292.5,301.78668212890625,355157400
2022-08-22 00:00:00+00:00,288.0899963378906,288.0899963378906,303.64666748046875,286.2966613769531,291.913330078125,287481800
2022-08-29 00:00:00+00:00,270.2099914550781,270.2099914550781,288.4800109863281,266.1499938964844,282.8299865722656,249690900
2022-09-05 00:00:00+00:00,299.67999267578125,299.67999267578125,299.8500061035156,265.739990234375,272.67999267578125,213940100
2022-09-12 00:00:00+00:00,303.3500061035156,303.3500061035156,309.1199951171875,290.3999938964844,300.7200012207031,341416200
2022-09-19 00:00:00+00:00,275.3299865722656,275.3299865722656,313.79998779296875,272.82000732421875,300.0899963378906,318723500
2022-09-26 00:00:00+00:00,265.25,265.25,289.0,262.4700012207031,271.8299865722656,320014100
2022-10-03 00:00:00+00:00,223.07000732421875,223.07000732421875,257.5,222.02000427246094,254.5,448139900
2022-10-10 00:00:00+00:00,204.99000549316406,204.99000549316406,226.99000549316406,204.16000366210938,223.92999267578125,397406400
2022-10-17 00:00:00+00:00,214.44000244140625,214.44000244140625,229.82000732421875,202.0,210.0399932861328,415404100
2022-10-24 00:00:00+00:00,228.52000427246094,228.52000427246094,233.80999755859375,198.58999633789062,205.82000732421875,412758400
2022-10-31 00:00:00+00:00,207.47000122070312,207.47000122070312,237.39999389648438,203.0800018310547,226.19000244140625,342474400
2022-11-07 00:00:00+00:00,195.97000122070312,195.97000122070312,208.89999389648438,177.1199951171875,208.64999389648438,596889200
2022-11-14 00:00:00+00:00,180.19000244140625,180.19000244140625,200.82000732421875,176.5500030517578,192.77000427246094,390472900
2022-11-21 00:00:00+00:00,182.86000061035156,182.86000061035156,185.1999969482422,166.19000244140625,175.85000610351562,331544400
2022-11-28 00:00:00+00:00,194.86000061035156,194.86000061035156,198.9199981689453,178.75,179.9600067138672,439140800
2022-12-05 00:00:00+00:00,179.0500030517578,179.0500030517578,191.27000427246094,169.05999755859375,189.44000244140625,471983600
2022-12-12 00:00:00+00:00,150.22999572753906,150.22999572753906,177.3699951171875,150.0399932861328,176.10000610351562,687706200
2022-12-19 00:00:00+00:00,123.1500015258789,123.1500015258789,155.25,121.0199966430664,154.0,821451300
2022-12-26 00:00:00+00:00,123.18000030517578,123.18000030517578,124.4800033569336,108.23999786376953,117.5,809414500
2023-01-02 00:00:00+00:00,113.05999755859375,113.05999755859375,118.80000305175781,101.80999755859375,118.47000122070312,790689200
2023-01-09 00:00:00+00:00,122.4000015258789,122.4000015258789,125.94999694824219,114.91999816894531,118.95999908447266,891852300
2023-01-16 00:00:00+00:00,133.4199981689453,133.4199981689453,136.67999267578125,124.30999755859375,125.69999694824219,691307300
2023-01-23 00:00:00+00:00,177.89999389648438,177.89999389648438,180.67999267578125,134.27000427246094,135.8699951171875,1095958300
2023-01-30 00:00:00+00:00,189.97999572753906,189.97999572753906,199.0,162.77999877929688,178.0500030517578,1091608900
2023-02-06 00:00:00+00:00,196.88999938964844,196.88999938964844,214.0,189.5500030517578,193.00999450683594,973057500
2023-02-13 00:00:00+00:00,208.30999755859375,208.30999755859375,217.64999389648438,187.61000061035156,194.4199981689453,1013262600
2023-02-20 00:00:00+00:00,196.8800048828125,196.8800048828125,209.7100067138672,191.77999877929688,204.99000549316406,660435200
2023-02-27 00:00:00+00:00,197.7899932861328,197.7899932861328,211.22999572753906,186.00999450683594,202.02999877929688,806720000
2023-03-06 00:00:00+00:00,173.44000244140625,173.44000244140625,198.60000610351562,168.44000244140625,198.5399932861328,789636400
2023-03-13 00:00:00+00:00,180.1300048828125,180.1300048828125,186.22000122070312,163.91000366210938,167.4600067138672,711837700
2023-03-20 00:00:00+00:00,190.41000366210938,190.41000366210938,200.66000366210938,176.35000610351562,178.0800018310547,693958500
2023-03-27 00:00:00+00:00,207.4600067138672,207.4600067138672,207.7899932861328,185.42999267578125,194.4199981689453,623640500
2023-04-03 00:00:00+00:00,185.05999755859375,185.05999755859375,202.69000244140625,179.74000549316406,199.91000366210938,553750100
2023-04-10 00:00:00+00:00,185.0,185.0,191.5800018310547,176.11000061035156,179.94000244140625,617553500
2023-04-17 00:00:00+00:00,165.0800018310547,165.0800018310547,189.69000244140625,160.55999755859375,186.32000732421875,668971700
2023-04-24 00:00:00+00:00,164.30999755859375,164.30999755859375,165.64999389648438,152.3699951171875,164.64999389648438,664901000
2023-05-01 00:00:00+00:00,170.05999755859375,170.05999755859375,170.7899932861328,158.8300018310547,163.1699981689453,559552100
2023-05-08 00:00:00+00:00,167.97999572753906,167.97999572753906,177.3800048828125,166.55999755859375,173.72000122070312,582522100
2023-05-15 00:00:00+00:00,180.13999938964844,180.13999938964844,181.9499969482422,164.35000610351562,167.66000366210938,574899400
2023-05-22 00:00:00+00:00,193.1699981689453,193.1699981689453,198.60000610351562,178.22000122070312,180.6999969482422,685490800
2023-05-29 00:00:00+00:00,213.97000122070312,213.97000122070312,217.25,195.1199951171875,200.10000610351562,591689300
2023-06-05 00:00:00+00:00,244.39999389648438,244.39999389648438,252.4199981689453,212.52999877929688,217.8000030517578,848137500
2023-06-12 00:00:00+00:00,260.5400085449219,260.5400085449219,263.6000061035156,244.58999633789062,247.94000244140625,811032600
2023-06-19 00:00:00+00:00,256.6000061035156,256.6000061035156,276.989990234375,248.25,261.5,720868300
2023-06-26 00:00:00+00:00,261.7699890136719,261.7699890136719,264.45001220703125,240.6999969482422,250.07000732421875,748280600
2023-07-03 00:00:00+00:00,274.42999267578125,274.42999267578125,284.25,272.8800048828125,276.489990234375,485150900
2023-07-10 00:00:00+00:00,281.3800048828125,281.3800048828125,285.29998779296875,265.1000061035156,276.4700012207031,539522500
2023-07-17 00:00:00+00:00,260.0199890136719,260.0199890136719,299.2900085449219,255.8000030517578,286.6300048828125,722568100
2023-07-24 00:00:00+00:00,266.44000244140625,266.44000244140625,272.8999938964844,254.1199951171875,255.85000610351562,560265300
2023-07-31 00:00:00+00:00,253.86000061035156,253.86000061035156,269.0799865722656,250.49000549316406,267.4800109863281,466312800
2023-08-07 00:00:00+00:00,242.64999389648438,242.64999389648438,253.64999389648438,238.02000427246094,251.4499969482422,517701600
2023-08-14 00:00:00+00:00,215.49000549316406,215.49000549316406,240.66000366210938,212.36000061035156,235.6999969482422,555809500
2023-08-21 00:00:00+00:00,238.58999633789062,238.58999633789062,240.82000732421875,220.5800018310547,221.5500030517578,573767800
2023-08-28 00:00:00+00:00,245.00999450683594,245.00999450683594,261.17999267578125,235.35000610351562,242.5800018310547,604843900
2023-09-04 00:00:00+00:00,248.5,248.5,258.0,243.27000427246094,245.0,480110000
2023-09-11 00:00:00+00:00,274.3900146484375,274.3900146484375,278.9800109863281,260.6099853515625,264.2699890136719,663474100
2023-09-18 00:00:00+00:00,244.8800048828125,244.8800048828125,273.92999267578125,244.47999572753906,271.1600036621094,574817000
2023-09-25 00:00:00+00:00,250.22000122070312,250.22000122070312,254.77000427246094,234.5800018310547,243.3800048828125,588632500
2023-10-02 00:00:00+00:00,260.5299987792969,260.5299987792969,263.6000061035156,242.6199951171875,244.80999755859375,592623500
2023-10-09 00:00:00+00:00,251.1199951171875,251.1199951171875,268.94000244140625,250.22000122070312,255.30999755859375,541322100
2023-10-16 00:00:00+00:00,211.99000549316406,211.99000549316406,257.17999267578125,210.4199981689453,250.0500030517578,616134600
2023-10-23 00:00:00+00:00,207.3000030517578,207.3000030517578,222.0500030517578,202.50999450683594,210.0,585973400
2023-10-30 00:00:00+00:00,219.9600067138672,219.9600067138672,226.3699951171875,194.07000732421875,209.27999877929688,621446800
2023-11-06 00:00:00+00:00,214.64999389648438,214.64999389648438,226.32000732421875,205.69000244140625,223.97999572753906,613925200
2023-11-13 00:00:00+00:00,234.3000030517578,234.3000030517578,246.6999969482422,211.61000061035156,215.60000610351562,719922800
2023-11-20 00:00:00+00:00,235.4499969482422,235.4499969482422,244.00999450683594,231.02000427246094,234.0399932861328,421683900
2023-11-27 00:00:00+00:00,238.8300018310547,238.8300018310547,252.75,231.89999389648438,236.88999938964844,649509700
2023-12-04 00:00:00+00:00,243.83999633789062,243.83999633789062,246.66000366210938,233.2899932861328,235.75,578629500
2023-12-11 00:00:00+00:00,253.5,253.5,254.1300048828125,228.1999969482422,242.74000549316406,636078500
2023-12-18 00:00:00+00:00,252.5399932861328,252.5399932861328,259.8399963378906,247.0,253.77999877929688,551094900
2023-12-25 00:00:00+00:00,248.47999572753906,248.47999572753906,265.1300048828125,247.42999267578125,254.49000549316406,407622000
2024-01-01 00:00:00+00:00,237.49000549316406,237.49000549316406,251.25,234.89999389648438,250.0800018310547,420745500
2024-01-08 00:00:00+00:00,218.88999938964844,218.88999938964844,241.25,217.14999389648438,236.13999938964844,502263400
2024-01-15 00:00:00+00:00,212.19000244140625,212.19000244140625,223.49000549316406,207.55999755859375,215.10000610351562,429210600
2024-01-22 00:00:00+00:00,183.25,183.25,217.8000030517578,180.05999755859375,212.25999450683594,653348300
2024-01-29 00:00:00+00:00,187.91000366210938,187.91000366210938,196.36000061035156,182.0,185.6300048828125,540565200
2024-02-05 00:00:00+00:00,193.57000732421875,193.57000732421875,194.1199951171875,175.00999450683594,184.25999450683594,536015900
2024-02-12 00:00:00+00:00,199.9499969482422,199.9499969482422,203.1699981689453,182.11000061035156,192.11000061035156,495466500
2024-02-19 00:00:00+00:00,191.97000122070312,191.97000122070312,199.44000244140625,189.1300048828125,196.1300048828125,379971200
2024-02-26 00:00:00+00:00,202.63999938964844,202.63999938964844,205.60000610351562,192.0,192.2899932861328,488204900
2024-03-04 00:00:00+00:00,175.33999633789062,175.33999633789062,199.75,173.6999969482422,198.72999572753906,549360900
2024-03-11 00:00:00+00:00,163.57000732421875,163.57000732421875,182.8699951171875,160.50999450683594,175.4499969482422,502605300
2024-03-18 00:00:00+00:00,170.8300018310547,170.8300018310547,178.17999267578125,165.89999389648438,170.02000427246094,417965200
2024-03-25 00:00:00+00:00,175.7899932861328,175.7899932861328,184.25,168.72999572753906,168.75999450683594,346873600
2024-04-01 00:00:00+00:00,164.89999389648438,164.89999389648438,177.19000244140625,160.50999450683594,176.1699981689453,545575500
2024-04-08 00:00:00+00:00,171.0500030517578,171.0500030517578,179.22000122070312,167.7899932861328,169.33999633789062,451211000
2024-04-15 00:00:00+00:00,147.0500030517578,147.0500030517578,170.69000244140625,146.22000122070312,170.24000549316406,461788900
2024-04-22 00:00:00+00:00,168.2899932861328,168.2899932861328,172.1199951171875,138.8000030517578,140.55999755859375,649063900
2024-04-29 00:00:00+00:00,181.19000244140625,181.19000244140625,198.8699951171875,176.02000427246094,188.4199981689453,628370700
2024-05-06 00:00:00+00:00,168.47000122070312,168.47000122070312,187.55999755859375,167.75,183.8000030517578,377983200
2024-05-13 00:00:00+00:00,177.4600067138672,177.4600067138672,180.0,169.0,170.0,370347300
2024-05-20 00:00:00+00:00,179.24000549316406,179.24000549316406,186.8800048828125,173.25999450683594,177.55999755859375,402762600
2024-05-27 00:00:00+00:00,178.0800018310547,178.0800018310547,182.6699981689453,173.16000366210938,176.39999389648438,259618600
2024-06-03 00:00:00+00:00,177.47999572753906,177.47999572753906,182.63999938964844,172.1300048828125,178.1300048828125,312710900
2024-06-10 00:00:00+00:00,178.00999450683594,178.00999450683594,191.0800018310547,167.41000366210938,176.05999755859375,407043300
2024-06-17 00:00:00+00:00,183.00999450683594,183.00999450683594,188.80999755859375,177.0,177.9199981689453,297691000
2024-06-24 00:00:00+00:00,197.8800048828125,197.8800048828125,203.1999969482422,182.00999450683594,184.97000122070312,389592100
2024-07-01 00:00:00+00:00,251.52000427246094,251.52000427246094,252.3699951171875,200.85000610351562,201.02000427246094,661802000
2024-07-08 00:00:00+00:00,248.22999572753906,248.22999572753906,271.0,233.08999633789062,247.7100067138672,823613000
2024-07-15 00:00:00+00:00,239.1999969482422,239.1999969482422,265.6000061035156,236.8300018310547,255.97000122070312,587103100
2024-07-22 00:00:00+00:00,219.8000030517578,219.8000030517578,255.75999450683594,214.7100067138672,244.2100067138672,576337100
2024-07-29 00:00:00+00:00,207.6699981689453,207.6699981689453,234.67999267578125,205.77999877929688,224.89999389648438,464001100
2024-08-05 00:00:00+00:00,200.0,200.0,203.8800048828125,182.0,185.22000122070312,368934700
2024-08-12 00:00:00+00:00,216.1199951171875,216.1199951171875,219.8000030517578,194.6699981689453,199.02000427246094,389155900
2024-08-19 00:00:00+00:00,220.32000732421875,220.32000732421875,228.22000122070312,210.32000732421875,217.07000732421875,381622100
2024-08-26 00:00:00+00:00,214.11000061035156,214.11000061035156,219.08999633789062,202.58999633789062,218.75,311918400
2024-09-02 00:00:00+00:00,210.72999572753906,210.72999572753906,235.0,209.63999938964844,215.25999450683594,388898000
2024-09-09 00:00:00+00:00,230.2899932861328,230.2899932861328,232.6699981689453,213.6699981689453,216.1999969482422,361418300
2024-09-16 00:00:00+00:00,238.25,238.25,244.24000549316406,223.52999877929688,229.3000030517578,401668500
2024-09-23 00:00:00+00:00,260.4599914550781,260.4599914550781,261.75,241.9199981689453,242.61000061035156,378582800
